EquipID	Year	Make	Model	Description	Dept	SalePrice	SaleDate	AuctionHouse
33294	2003	CHEVROLET	ASTRO	MINIVAN K-9	SPD	4550.09	5/21/2013 0:00	BIDADOO ONLINE AUCTION
3015	2000	CHEVROLET	G3500	CARGO VAN - HVAC	FAS	6600	10/23/2014 0:00	MURPHYS AUCTION
34550	2003	CHEVROLET	S10	COMPACT PICKUP	SPU	3355	2/11/2014 0:00	BIDADOO ONLINE AUCTION
7019	1991	YALE	FORKLIFT	FORKLIFT	CEN	5101	8/20/2013 0:00	BIDADOO ONLINE AUCTION
80393	1993	BUTLER	TRAILER	TRAILER	SFD	2800	10/23/2014 0:00	MURPHYS AUCTION
21294	2002	DODGE	NEON	SUBCOMPACT SEDAN	DPR	3450	12/19/2013 0:00	BIDADOO ONLINE AUCTION
21257	2002	DODGE	NEON	SUBCOMPACT SEDAN	SFD	2900	9/24/2014 0:00	BIDADOO ONLINE AUCTION
11516	2001	PLYMOUTH	NEON	SEDAN SUBCOMPACT	SPU	4281.59	6/26/2013 0:00	BIDADOO ONLINE AUCTION
36589	2003	FORD NEW HOLLAND	TS110	TRACTOR - BRUSHCUTTER FLAIL - 4X4	SPU	18000	10/17/2014 0:00	MURPHYS AUCTION
31757	2011	FORD	CROWN VICTORIA	PATROL CAR	SPD	500	1/8/2015 0:00	MURPHYS AUCTION
99244	2009	FORD	CROWN VICTORIA	PATROL CAR	SPD	350	7/30/2014 0:00	BIDADOO ONLINE AUCTION
99236	2009	FORD	CROWN VICTORIA	PATROL CAR	SPD	2042.56	4/22/2015 0:00	BIDADOO ONLINE AUCTION
79926	2007	FORD	CROWN VICTORIA	PATROL CAR	SPD	2600	8/9/2013 0:00	MURPHYS AUCTION
89130	2008	FORD	CROWN VICTORIA	PATROL CAR	SPD	900	1/8/2015 0:00	MURPHYS AUCTION
89122	2008	FORD	CROWN VICTORIA	PATROL CAR	SPD	1650	3/31/2015 0:00	BIDADOO ONLINE AUCTION
69910	2006	FORD	CROWN VICTORIA	PATROL CAR TRAINING	SPD	2325	3/28/2014 0:00	BIDADOO ONLINE AUCTION
69907	2006	FORD	CROWN VICTORIA	PATROL CAR	SPD	1900	4/21/2014 0:00	MURPHYS AUCTION
39626	2003	FORD	CROWN VICTORIA	FULLSIZE SEDAN	SPD	2100	3/28/2014 0:00	BIDADOO ONLINE AUCTION
79976	2007	FORD	CROWN VICTORIA	PATROL CAR	SPD	2400	10/23/2014 0:00	MURPHYS AUCTION
79985	2007	FORD	CROWN VICTORIA	PATROL CAR	SPD	2205	7/2/2014 0:00	BIDADOO ONLINE AUCTION
89184	2008	FORD	CROWN VICTORIA	PATROL CAR	SPD	2275	2/17/2015 0:00	BIDADOO ONLINE AUCTION
80202	2000	FORD	E350	PASSENGER VAN	DPR	4152	1/28/2015 0:00	BIDADOO ONLINE AUCTION
34644	2003	FORD	F250	PICKUP	SPU	6100	1/7/2015 0:00	BIDADOO ONLINE AUCTION
23316	2002	FORD	F250	PICKUP - CREW CAB	DPR	5100	2/26/2014 0:00	BIDADOO ONLINE AUCTION
54602	2005	FORD	F250	PICKUP	SPU	13500	10/23/2014 0:00	MURPHYS AUCTION
82467	2001	FORD	F250	PICKUP	DPR	6322.26	3/12/2013 0:00	BIDADOO ONLINE AUCTION
43594	2004	FORD	F250	PICKUP	SDOT	6510	6/25/2014 0:00	MURPHYS AUCTION
3303	2000	FORD	F250	PICKUP	DPR	5600	4/22/2015 0:00	MURPHYS AUCTION
13606	2001	FORD	F350	PICKUP - SERVICE BODY - 4X4	SPU	20020	10/23/2014 0:00	MURPHYS AUCTION
53254	2005	FORD	F350	PICKUP - ANIMAL CONTROL BODY	FAS	6600	3/28/2014 0:00	BIDADOO ONLINE AUCTION
44667	2004	FORD	F350	PICKUP - SERVICE BODY	SPU	17500	6/25/2014 0:00	MURPHYS AUCTION
74547	2007	FORD	RANGER	COMPACT PICKUP	SPU	6600	10/23/2014 0:00	MURPHYS AUCTION
13889	2001	GMC	SONOMA	COMPACT PICKUP	DPR	2200	2/14/2013 0:00	MURPHYS AUCTION
23719	2002	GMC	SONOMA	PICKUP COMPACT	SDOT	5250	1/8/2015 0:00	MURPHYS AUCTION
87619	2008	HARLEY-DAVIDSON	FLHPI ROAD KING	POLICE MOTORCYCLE	SPD	6600	5/22/2013 0:00	BIDADOO ONLINE AUCTION
97637	2009	HARLEY-DAVIDSON	FLHPI ROAD KING	POLICE MOTORCYCLE	SPD	7500	3/19/2015 0:00	BIDADOO ONLINE AUCTION
97626	2009	HARLEY-DAVIDSON	FLHPI ROAD KING	POLICE MOTORCYCLE	SPD	7300	4/29/2015 0:00	BIDADOO ONLINE AUCTION
5571	2000	KENWORTH	T800B	TRUCK - 12 YD DUMP - CLASS 8	SDOT	31100	4/10/2013 0:00	BIDADOO ONLINE AUCTION
5569	2000	KENWORTH	T800B	TRUCK - 12 YD DUMP - CLASS 8	SDOT	45000	3/28/2013 0:00	MURPHYS AUCTION
26593	2002	PETERBILT	330	TRUCK - DUMPING FLATBED - CLASS 6	SDOT	28100	7/31/2013 0:00	BIDADOO ONLINE AUCTION
58057	2005	TORO	4000-D	MOWER - 11` ROTARY	DPR	11500	10/23/2014 0:00	MURPHYS AUCTION
51564	2005	TOYOTA	PRIUS	COMPACT SEDAN - HYBRID	SFD	5100	6/18/2014 0:00	BIDADOO ONLINE AUCTION
31281	2003	TOYOTA	PRIUS	SEDAN COMPACT HYBRID	FAS	6750	9/27/2013 0:00	MURPHYS AUCTION
31058	2003	TOYOTA	PRIUS	COMPACT SEDAN - HYBRID	SPD	5300	3/23/2015 0:00	BIDADOO ONLINE AUCTION
74625	2007	CHEVROLET	COLORADO 4X4	COMPACT PICKUP - CREW CAB - 4X4	SPU	12000	1/8/2015 0:00	MURPHYS AUCTION
51688	2005	DODGE	STRATUS	SEDAN MIDSIZE	SPU	5401.01	6/5/2013 0:00	BIDADOO ONLINE AUCTION
31915	2012	FORD	ESCAPE	SUV COMPACT 4X4	SDOT	10250	3/28/2013 0:00	MURPHYS AUCTION
23642	2002	FORD	F450	PICKUP - FLATBED - CLASS 4	SDOT	6601.01	8/20/2014 0:00	BIDADOO ONLINE AUCTION
23675	2002	FORD	F450	PICKUP - FLATBED - CLASS 4	SDOT	6601.01	8/20/2014 0:00	BIDADOO ONLINE AUCTION
23663	2002	FORD	F450	PICKUP - FLATBED - CLASS 4	SDOT	7101	8/27/2014 0:00	BIDADOO ONLINE AUCTION
23643	2002	FORD	F450	PICKUP - CHIP BODY - CLASS 4	SDOT	20000	10/23/2014 0:00	MURPHYS AUCTION
97427	2009	SEGWAY	I2	ELECTRIC PERSONAL MOBILITY DEVICE	SFD	1800	9/27/2013 0:00	MURPHYS AUCTION
76517	2007	JOHN DEERE	ZTRAK 777	MOWER - 72" ROTARY	SPU	3750	9/27/2013 0:00	MURPHYS AUCTION
5861	2000	CHEVROLET	3500 HD	PICKUP - SERVICE BODY - CLASS 4	DPR	9000	3/28/2013 0:00	MURPHYS AUCTION
13564	2001	CHEVROLET	ASTRO	CARGO MINIVAN	SDOT	7350	5/13/2014 0:00	BIDADOO ONLINE AUCTION
32555	2003	CHEVROLET	ASTRO	MINIVAN CARGO	SPU	5700	10/23/2014 0:00	MURPHYS AUCTION
13438	2001	CHEVROLET	ASTRO	CARGO MINIVAN	DOIT	5100	10/23/2014 0:00	MURPHYS AUCTION
13437	2001	CHEVROLET	ASTRO	CARGO MINIVAN	DOIT	5500	10/23/2014 0:00	MURPHYS AUCTION
3168	2000	CHEVROLET	C3500	PICKUP - CREW CAB - DRW	SPD	9100	3/17/2015 0:00	BIDADOO ONLINE AUCTION
23327	2002	CHEVROLET	EXPRESS	CARGO VAN	DPR	6211.11	1/29/2014 0:00	BIDADOO ONLINE AUCTION
32910	2003	CHEVROLET	EXPRESS	CARGO VAN	FAS	5500	9/27/2013 0:00	MURPHYS AUCTION
70463	2007	CHEVROLET	IMPALA	MIDSIZE SEDAN	SPD	807	4/21/2014 0:00	MURPHYS AUCTION
33502	2003	CHEVROLET	S10	COMPACT PICKUP	SDOT	4606	3/28/2014 0:00	BIDADOO ONLINE AUCTION
21595	2002	DODGE	NEON	SUBCOMPACT SEDAN	SFD	3100	6/25/2014 0:00	MURPHYS AUCTION
1404	2000	PLYMOUTH	NEON	SUBCOMPACT SEDAN	SPD	3700	12/19/2013 0:00	BIDADOO ONLINE AUCTION
33417	2003	FORD	CLUB WAGON	PASSENGER VAN	DPR	9200	9/24/2014 0:00	BIDADOO ONLINE AUCTION
99223	2009	FORD	CROWN VICTORIA	PATROL CAR	SPD	1200	1/8/2015 0:00	MURPHYS AUCTION
89161	2008	FORD	CROWN VICTORIA	PATROL CAR	SPD	800	1/8/2015 0:00	MURPHYS AUCTION
89119	2008	FORD	CROWN VICTORIA	PATROL CAR	SPD	310	10/23/2014 0:00	MURPHYS AUCTION
89150	2008	FORD	CROWN VICTORIA	PATROL CAR	SPD	1650	9/17/2014 0:00	BIDADOO ONLINE AUCTION
89143	2008	FORD	CROWN VICTORIA	PATROL CAR	SPD	1200	1/8/2015 0:00	MURPHYS AUCTION
59849	2005	FORD	CROWN VICTORIA	PATROL CAR - LICENSE RECOG SYSTEM	SPD	1775	1/7/2015 0:00	BIDADOO ONLINE AUCTION
79972	2007	FORD	CROWN VICTORIA	PATROL CAR - LT`S CAR	SPD	550	6/25/2014 0:00	MURPHYS AUCTION
79955	2007	FORD	CROWN VICTORIA	PATROL CAR	SPD	410	6/25/2014 0:00	MURPHYS AUCTION
79919	2007	FORD	CROWN VICTORIA	PATROL CAR	SPD	2325	6/11/2014 0:00	BIDADOO ONLINE AUCTION
69895	2006	FORD	CROWN VICTORIA	PATROL CAR	SPD	1825	10/2/2014 0:00	BIDADOO ONLINE AUCTION
79977	2007	FORD	CROWN VICTORIA	PATROL CAR	SPD	700	1/8/2015 0:00	MURPHYS AUCTION
79913	2007	FORD	CROWN VICTORIA	PATROL CAR - HALF SCREEN	SPD	2000	12/20/2013 0:00	MURPHYS AUCTION
79921	2007	FORD	CROWN VICTORIA	PATROL CAR	SPD	2400	8/9/2013 0:00	MURPHYS AUCTION
981762	1998	FORD	CROWN VICTORIA	FULLSIZE SEDAN	SFD	2400	6/27/2013 0:00	MURPHYS AUCTION
79990	2007	FORD	CROWN VICTORIA	PATROL CAR	SPD	1475	10/15/2014 0:00	BIDADOO ONLINE AUCTION
33814	2003	FORD	EXPEDITION	FULLSIZE SUV - 4X4	SFD	7000	11/8/2013 0:00	MURPHYS AUCTION
64603	2006	FORD	F250	PICKUP - 4X4	SPU	7250	2/25/2015 0:00	MURPHYS AUCTION
23318	2002	FORD	F250	PICKUP	DPR	4000	1/8/2015 0:00	MURPHYS AUCTION
43985	2004	FORD	F250	PICKUP	DPR	5659	5/6/2015 0:00	BIDADOO ONLINE AUCTION
33465	2003	FORD	F250	PICKUP	SPU	6250	1/8/2015 0:00	MURPHYS AUCTION
53253	2005	FORD	F350	PICKUP - ANIMAL CONTROL BODY	FAS	7000	11/8/2013 0:00	MURPHYS AUCTION
64638	2006	FORD	F350	PICKUP - SERVICE BODY	SPU	11000	10/23/2014 0:00	MURPHYS AUCTION
54666	2005	FORD	F350	PICKUP - SERVICE BODY	SPU	5701	11/12/2014 0:00	BIDADOO ONLINE AUCTION
33975	2003	FORD	F350	PICKUP - CREW CAB	DPR	4500	1/8/2015 0:00	MURPHYS AUCTION
43945	2004	FORD	F350	PICKUP - CREW CAB	DPR	6250	4/22/2015 0:00	MURPHYS AUCTION
34514	2003	FORD	WINDSTAR	MINIVAN CARGO	SPU	1600	2/25/2015 0:00	MURPHYS AUCTION
985681	1998	FREIGHTLINER	FL70	TRUCK - AERIAL LIFT - TREE TRIMMER	SDOT	19600	6/18/2014 0:00	BIDADOO ONLINE AUCTION
44506	2004	FREIGHTLINER	MT55	WALKIN VAN - CLASS 6	SPU	19000	4/11/2014 0:00	MURPHYS AUCTION
23660	2002	GMC	SONOMA	COMPACT PICKUP	SDOT	5100	10/8/2014 0:00	BIDADOO ONLINE AUCTION
87615	2008	HARLEY-DAVIDSON	FLHPI ROAD KING	POLICE MOTORCYCLE	SPD	8852	5/6/2015 0:00	BIDADOO ONLINE AUCTION
97631	2009	HARLEY-DAVIDSON	FLHPI ROAD KING	POLICE MOTORCYCLE	SPD	7400	3/17/2015 0:00	BIDADOO ONLINE AUCTION
97629	2009	HARLEY-DAVIDSON	FLHPI ROAD KING	POLICE MOTORCYCLE	SPD	7500	4/22/2015 0:00	BIDADOO ONLINE AUCTION
6645	2000	KENWORTH	T800	TRUCK - 12 YD DUMP - CLASS 8	SPU	57500	11/8/2013 0:00	MURPHYS AUCTION
38145	2003	FORD NEW HOLLAND	TL90 DELUXE	TRACTOR - 4X4	DPR	25758	4/17/2013 0:00	BIDADOO ONLINE AUCTION
23454	2002	FORD	4X4 RANGER	COMPACT PICKUP - 4X4	SPU	7300.5	3/15/2013 0:00	BIDADOO ONLINE AUCTION
11609	2001	FORD	TAURUS SE FFV	MIDSIZE STATION WAGON - CNG	SDOT	3550	1/24/2014 0:00	BIDADOO ONLINE AUCTION
81740	2000	KAWASAKI	KAF620-A6	UTILITY VEHICLE 4 WHEEL	DPR	3250	8/28/2013 0:00	BIDADOO ONLINE AUCTION
5570	2000	KENWORTH	T800B	TRUCK - 12 YD DUMP - CLASS 8	SDOT	37600	4/17/2013 0:00	BIDADOO ONLINE AUCTION
33722	2003	PETERBILT	330	TRUCK - SERVICE BODY - CLASS 7	SPU	47500	11/8/2013 0:00	MURPHYS AUCTION
73938	2007	PETERBILT	330	TRUCK - FLATBED - CONCRETE - CLASS 6	DPR	41600	2/19/2014 0:00	BIDADOO ONLINE AUCTION
35520	2003	PETERBILT	320	TRUCK - EDUCTOR - VACTOR	SPU	82500	6/3/2014 0:00	MURPHYS AUCTION
58067	2005	TORO	4000-D	MOWER - 11` ROTARY	DPR	11100	9/17/2014 0:00	BIDADOO ONLINE AUCTION
31050	2003	TOYOTA	PRIUS	COMPACT SEDAN - HYBRID	SPD	5100	10/23/2014 0:00	MURPHYS AUCTION
31907	2003	TOYOTA	PRIUS	COMPACT SEDAN - HYBRID	SPU	7339	12/19/2013 0:00	BIDADOO ONLINE AUCTION
21550	2002	TOYOTA	PRIUS	COMPACT SEDAN - HYBRID	SDOT	3500	1/8/2015 0:00	MURPHYS AUCTION
31306	2003	TOYOTA	PRIUS	COMPACT SEDAN HYBRID	FAS	6750	9/27/2013 0:00	MURPHYS AUCTION
51419	2005	TOYOTA	PRIUS	COMPACT SEDAN - HYBRID	DPR	8111	11/6/2014 0:00	BIDADOO ONLINE AUCTION
52020	2005	TOYOTA	PRIUS	COMPACT SEDAN - HYBRID	DPD	7000	10/23/2014 0:00	MURPHYS AUCTION
31059	2003	TOYOTA	PRIUS	COMPACT SEDAN - HYBRID	SPD	5700	11/12/2014 0:00	BIDADOO ONLINE AUCTION
68049	2006	VERMEER	BC 1000-XL	CHIPPER - 12 IN	SPU	19000	11/8/2013 0:00	MURPHYS AUCTION
93009	2009	TOYOTA	SIENNA	PASSENGER MINIVAN	FAS	16100	4/17/2013 0:00	BIDADOO ONLINE AUCTION
E0943	1994	WESTMARK	TANKER TRAILER	TRAILER - ASPHALT TANKER - 7400 GALLON	SDOT	15600	7/9/2014 0:00	BIDADOO ONLINE AUCTION
58070	2005	JACOBSEN	6010	MOWER - 11` ROTARY	DPR	5750	8/9/2013 0:00	MURPHYS AUCTION
55754	2005	STERLING	SC8000	SWEEPER - REGENERATIVE AIR	SDOT	35300	4/30/2013 0:00	BIDADOO ONLINE AUCTION
75742	2007	STERLING	SC8000	SWEEPER - REGENERATIVE AIR	SDOT	36600	8/6/2013 0:00	BIDADOO ONLINE AUCTION
51164	2005	TAYLOR DUNN	SC-100-36	STOCK CHASER - ELECTRIC - 36 V	CEN	1803	2/11/2014 0:00	BIDADOO ONLINE AUCTION
33632	2003	FORD	F450	PICKUP FLATBED PLOW	SDOT	19000	7/9/2014 0:00	BIDADOO ONLINE AUCTION
53665	2005	FORD	F450	PICKUP - DUMPING FLATBED - CLASS 4	SDOT	13100	8/27/2014 0:00	BIDADOO ONLINE AUCTION
73293	2007	DODGE	GRAND CARAVAN	CARGO MINIVAN	SPU	1600	2/25/2015 0:00	MURPHYS AUCTION
77305	2007	SEGWAY	I2	ELECTRIC PERSONAL MOBILITY DEVICE	SPD	1526	3/4/2015 0:00	BIDADOO ONLINE AUCTION
36537	2003	CATERPILLAR	420D	BACKHOE LOADER - 16000 LB	SPU	36500	12/19/2014 0:00	MURPHYS AUCTION
7022	1991	PWBS	UNKNOWN	FLOOR SCRUBBER	FAS	990.1	10/8/2014 0:00	BIDADOO ONLINE AUCTION
54595	2005	CHEVROLET	ASTRO	CARGO MINIVAN	SPU	9100	10/23/2014 0:00	MURPHYS AUCTION
23441	2002	CHEVROLET	EXPRESS	PASSENGER VAN	DPR	6800	3/28/2013 0:00	MURPHYS AUCTION
13034	2001	CHEVROLET	EXPRESS	CARGO VAN - ELECTRICIAN	FAS	9445	11/6/2014 0:00	BIDADOO ONLINE AUCTION
11401	2001	CHEVROLET	MALIBU	MIDSIZE SEDAN	DOIT	2100	4/21/2014 0:00	MURPHYS AUCTION
983903	1998	CHEVROLET	P30	WALKIN VAN - CLASS 3	DPR	2001	8/20/2014 0:00	BIDADOO ONLINE AUCTION
33118	2003	CHEVROLET	TRACKER	COMPACT SUV - 4X4	HEALTH	3000	2/6/2013 0:00	MURPHYS AUCTION
33532	2003	GMC	WORK HORSE	WALKIN VAN - CLASS 4	FAS	13000	3/28/2013 0:00	MURPHYS AUCTION
7124	1992	CLARKLIFT	FORKLIFT	FORKLIFT	SPD	3151.5	2/19/2014 0:00	BIDADOO ONLINE AUCTION
S2557	1998	WESTERN	TRAILER	TRAILER - 7000 LB DUMP	SPU	3000	11/8/2013 0:00	MURPHYS AUCTION
W2256	1995	NW CUSTOM	TRAILER	TRAILER	SPU	2300	2/3/2014 0:00	MURPHYS AUCTION
53574	2005	DODGE	CARAVAN	CARGO MINIVAN	SPU	5300	12/20/2013 0:00	MURPHYS AUCTION
53576	2005	DODGE	CARAVAN	MINIVAN CARGO	SPU	3500	1/8/2015 0:00	MURPHYS AUCTION
21097	2002	DODGE	NEON	SUBCOMPACT SEDAN	DPD	3050	12/17/2013 0:00	BIDADOO ONLINE AUCTION
21211	2002	DODGE	NEON	SUBCOMPACT SEDAN	HSD	3411	10/11/2013 0:00	BIDADOO ONLINE AUCTION
21191	2002	DODGE	NEON	SUBCOMPACT SEDAN	HSD	3500	11/6/2014 0:00	BIDADOO ONLINE AUCTION
21167	2002	DODGE	NEON	SUBCOMPACT SEDAN	HSD	3237.83	11/6/2013 0:00	BIDADOO ONLINE AUCTION
21243	2002	DODGE	NEON	SUBCOMPACT SEDAN	DPR	4900	5/17/2013 0:00	MURPHYS AUCTION
21854	2002	DODGE	NEON	SUBCOMPACT SEDAN	DPD	3650	1/29/2013 0:00	BIDADOO ONLINE AUCTION
11034	2001	PLYMOUTH	NEON	SUBCOMPACT SEDAN	SPD	3250.99	3/20/2013 0:00	BIDADOO ONLINE AUCTION
11518	2001	PLYMOUTH	NEON	SUBCOMPACT SEDAN	SPU	4500	3/28/2013 0:00	MURPHYS AUCTION
89111	2008	FORD	CROWN VICTORIA	PATROL CAR	SPD	850	10/23/2014 0:00	MURPHYS AUCTION
79973	2007	FORD	CROWN VICTORIA	PATROL CAR	SPD	875	10/15/2013 0:00	BIDADOO ONLINE AUCTION
79918	2007	FORD	CROWN VICTORIA	PATROL CAR	SPD	2100	5/17/2013 0:00	MURPHYS AUCTION
79961	2007	FORD	CROWN VICTORIA	PATROL CAR	SPD	1550	10/23/2014 0:00	MURPHYS AUCTION
30104	2010	FORD	CROWN VICTORIA	PATROL CAR	SPD	700	12/20/2013 0:00	MURPHYS AUCTION
69880	2006	FORD	CROWN VICTORIA	PATROL CAR	SPD	1025	2/25/2015 0:00	MURPHYS AUCTION
79986	2007	FORD	CROWN VICTORIA	PATROL CAR	SPD	950	10/23/2014 0:00	MURPHYS AUCTION
33423	2003	FORD	E250	CARGO VAN	SFD	6751	10/11/2013 0:00	BIDADOO ONLINE AUCTION
33728	2003	FORD	EXPEDITION	FULLSIZE SUV - 4X4	SFD	7000	11/8/2013 0:00	MURPHYS AUCTION
64576	2006	FORD	F250	PICKUP - SERVICE BODY	SPU	8100	10/23/2014 0:00	MURPHYS AUCTION
43790	2004	FORD	F250	PICKUP	DPR	8000	11/12/2014 0:00	BIDADOO ONLINE AUCTION
33708	2003	FORD	F250	PICKUP - CREW CAB	DPR	3700	6/27/2013 0:00	MURPHYS AUCTION
14575	2001	FORD	F250	PICKUP	DPR	3100	10/23/2014 0:00	MURPHYS AUCTION
14572	2001	FORD	F250	PICKUP	SPU	7600	10/23/2014 0:00	MURPHYS AUCTION
13338	2001	FORD	F250	PICKUP	DPR	2400	9/27/2013 0:00	MURPHYS AUCTION
24652	2002	FORD	F350	PICKUP - SERVICE BODY	SPU	12700	3/4/2015 0:00	BIDADOO ONLINE AUCTION
24617	2002	FORD	F350	PICKUP - SERVICE BODY	SPU	14600	5/6/2014 0:00	BIDADOO ONLINE AUCTION
33712	2003	FORD	F350	PICKUP - FLATBED - CRANE	SDOT	11976	6/26/2013 0:00	BIDADOO ONLINE AUCTION
26555	2002	FORD	F550	TRUCK - DUMPING FLATBED - CRANE	SPU	21000	10/17/2014 0:00	MURPHYS AUCTION
43685	2004	FORD	F550	TRUCK - DUMP - SANDER - PLOW - CLASS 5	SDOT	19400	6/11/2014 0:00	BIDADOO ONLINE AUCTION
61127	2006	FORD	FOCUS	SUBCOMPACT SEDAN	SPU	6250	5/17/2013 0:00	MURPHYS AUCTION
73584	2007	FORD	RANGER	COMPACT PICKUP	SPU	7351	3/15/2013 0:00	BIDADOO ONLINE AUCTION
13374	2001	GMC	SONOMA	COMPACT PICKUP	DPR	3400	5/17/2013 0:00	MURPHYS AUCTION
23562	2002	GMC	SONOMA	COMPACT PICKUP	SPU	8606	4/24/2013 0:00	BIDADOO ONLINE AUCTION
23718	2002	GMC	SONOMA	COMPACT PICKUP	SDOT	4900	1/29/2013 0:00	BIDADOO ONLINE AUCTION
97635	2009	HARLEY-DAVIDSON	FLHPI ROAD KING	POLICE MOTORCYCLE	SPD	6800	1/25/2015 0:00	BIDADOO ONLINE AUCTION
87613	2008	HARLEY-DAVIDSON	FLHPI ROAD KING	POLICE MOTORCYCLE	SPD	7150	3/20/2013 0:00	BIDADOO ONLINE AUCTION
87603	2008	HARLEY-DAVIDSON	FLHPI ROAD KING	POLICE MOTORCYCLE	SPD	5045	1/7/2015 0:00	BIDADOO ONLINE AUCTION
155996	1996	JOHN DEERE	1200A	BALLFIELD GROOMER	DPR	1275	7/3/2013 0:00	BIDADOO ONLINE AUCTION
76452	2007	JOHN DEERE	ZTRAK M665	MOWER - 72" ROTARY	SPU	3750	9/27/2013 0:00	MURPHYS AUCTION
996548	1999	KENWORTH	T800B	TRUCK - 12 YD DUMP - CLASS 8	SPU	50000	6/27/2013 0:00	MURPHYS AUCTION
33723	2003	PETERBILT	330	TRUCK - SERVICE BODY - CLASS 7	SPU	32500	10/17/2014 0:00	MURPHYS AUCTION
30906	2010	PETERBILT	320	TRUCK - PRESSURE DIGGER	SDOT	125900.01	1/7/2015 0:00	BIDADOO ONLINE AUCTION
45724	2004	PETERBILT	320	TRUCK - EDUCTOR - VAC CON	SPU	55000	8/8/2014 0:00	MURPHYS AUCTION
21536	2002	TOYOTA	PRIUS	COMPACT SEDAN - HYBRID	SDOT	4850	10/15/2014 0:00	BIDADOO ONLINE AUCTION
51021	2005	TOYOTA	PRIUS	COMPACT SEDAN - HYBRID	DPD	10600	10/23/2014 0:00	MURPHYS AUCTION
80442	1981	GMC	T80204	BUS	SPD	500	10/17/2014 0:00	MURPHYS AUCTION
74716	2007	CHEVROLET	COLORADO 4X4	COMPACT PICKUP - CREW CAB - 4X4	SPU	12250	9/27/2013 0:00	MURPHYS AUCTION
43464	2004	JEEP	LIBERTY	COMPACT SUV - 4X4	SPU	6357.5	12/24/2014 0:00	BIDADOO ONLINE AUCTION
83004	2008	CHEVROLET	UPLANDER	PASSENGER MINIVAN	FAS	8500	3/28/2013 0:00	MURPHYS AUCTION
76532	2007	JOHN DEERE	110 TRACTOR/LOADER/BACKHOE	TRACTOR - LOADER - BACKHOE	SPU	29000	11/8/2013 0:00	MURPHYS AUCTION
23664	2002	FORD	F450	PICKUP - FLATBED - CLASS 4	SDOT	9456	7/31/2013 0:00	BIDADOO ONLINE AUCTION
23624	2002	FORD	F450	PICKUP - FLATBED - CLASS 4	SDOT	7150	10/8/2014 0:00	BIDADOO ONLINE AUCTION
38269	2003	GO-4	INTERCEPTOR II	PEO SCOOTER TRAINING	SPD	2000	10/23/2014 0:00	MURPHYS AUCTION
97412	2009	SEGWAY	I2	ELECTRIC PERSONAL MOBILITY DEVICE	FAS	3250	6/12/2013 0:00	BIDADOO ONLINE AUCTION
77306	2007	SEGWAY	I2	ELECTRIC PERSONAL MOBILITY DEVICE	FAS	1000	2/14/2013 0:00	MURPHYS AUCTION
77300	2007	SEGWAY	I2	ELECTRIC PERSONAL MOBILITY DEVICE	SPD	1725	2/17/2015 0:00	BIDADOO ONLINE AUCTION
8120678	1988	BOWIE	HYDRO MULCHER	HYDRO MULCHER - TOWED	DPR	2849	11/12/2014 0:00	BIDADOO ONLINE AUCTION
32447	2005	BEARCAT	CHIPPER	CHIPPER	DPR	1250	5/29/2014 0:00	BIDADOO ONLINE AUCTION
17222	2001	CATERPILLAR	CB-224D	ROLLER - 3 TON DOUBLE DRUM	SDOT	11200	12/19/2013 0:00	BIDADOO ONLINE AUCTION
3007	2000	CHEVROLET	ASTRO	CARGO MINIVAN	DOIT	5000	10/2/2014 0:00	BIDADOO ONLINE AUCTION
13001	2001	CHEVROLET	BLAZER	SUV MIDSIZE 4X4	DOIT	5279	1/29/2014 0:00	BIDADOO ONLINE AUCTION
23307	2002	CHEVROLET	EXPRESS	PASSENGER VAN	DPR	8600	3/28/2013 0:00	MURPHYS AUCTION
23028	2002	CHEVROLET	EXPRESS	CARGO VAN - ELECTRICIAN	FAS	6601	10/23/2014 0:00	MURPHYS AUCTION
S2556	1998	WESTERN	TRAILER	TRAILER - 7000 LB DUMP	SPU	3000	11/8/2013 0:00	MURPHYS AUCTION
53608	2005	DODGE	CARAVAN	CARGO MINIVAN	SPU	2600	1/8/2015 0:00	MURPHYS AUCTION
21235	2002	DODGE	NEON	SEDAN SUBCOMPACT	HEALTH	3500	2/6/2013 0:00	MURPHYS AUCTION
11213	2001	PLYMOUTH	NEON	SUBCOMPACT SEDAN	SFD	2125.66	3/12/2013 0:00	BIDADOO ONLINE AUCTION
89113	2008	FORD	CROWN VICTORIA	PATROL CAR	SPD	1000	6/25/2014 0:00	MURPHYS AUCTION
89141	2008	FORD	CROWN VICTORIA	PATROL CAR	SPD	2750	5/15/2015 0:00	BIDADOO ONLINE AUCTION
79951	2007	FORD	CROWN VICTORIA	PATROL CAR	SPD	1925	10/11/2013 0:00	BIDADOO ONLINE AUCTION
49776	2004	FORD	CROWN VICTORIA	PATROL CAR - K9 TRAINING	SPD	1825	5/6/2014 0:00	BIDADOO ONLINE AUCTION
79960	2007	FORD	CROWN VICTORIA	PATROL CAR	SPD	1925	7/2/2014 0:00	BIDADOO ONLINE AUCTION
31471	2010	FORD	CROWN VICTORIA	PATROL CAR	SPD	210	6/25/2014 0:00	MURPHYS AUCTION
89163	2008	FORD	CROWN VICTORIA	PATROL CAR	SPD	2300	4/22/2015 0:00	MURPHYS AUCTION
89154	2008	FORD	CROWN VICTORIA	PATROL CAR	SPD	1000	1/8/2015 0:00	MURPHYS AUCTION
69896	2006	FORD	CROWN VICTORIA	PATROL CAR	SPD	1450	2/25/2015 0:00	MURPHYS AUCTION
79983	2007	FORD	CROWN VICTORIA	PATROL CAR	SPD	700	1/8/2015 0:00	MURPHYS AUCTION
79982	2007	FORD	CROWN VICTORIA	PATROL CAR	SPD	155	6/25/2014 0:00	MURPHYS AUCTION
89183	2008	FORD	CROWN VICTORIA	PATROL CAR	SPD	2150	4/22/2015 0:00	MURPHYS AUCTION
45367	2004	FORD	E450	MEDIC AID VAN - 2ND  REMOUNT - A/M-86	SFD	6253.51	3/12/2013 0:00	BIDADOO ONLINE AUCTION
3301	2000	FORD	F250	PICKUP	DPR	4300	5/6/2014 0:00	BIDADOO ONLINE AUCTION
13781	2001	FORD	F250	TRUCK SERVICE BODY	SFD	6405	10/2/2014 0:00	BIDADOO ONLINE AUCTION
23310	2002	FORD	F250	PICKUP	DPR	9322	5/21/2013 0:00	BIDADOO ONLINE AUCTION
82464	2001	FORD	F250	PICKUP	DPR	3500	2/14/2013 0:00	MURPHYS AUCTION
23974	2002	FORD	F250	PICKUP - CREW CAB	DPR	6600	3/20/2013 0:00	BIDADOO ONLINE AUCTION
23062	2002	FORD	F250	PICKUP - CREW CAB	DPR	3600	10/23/2014 0:00	MURPHYS AUCTION
14659	2001	FORD	F250	PICKUP - FLATBED - 4X4	SPU	8200	1/7/2015 0:00	BIDADOO ONLINE AUCTION
63383	2006	FORD	F350	PICKUP - FLATBED - PRESSURE WASHER	DPR	8501.5	4/22/2015 0:00	MURPHYS AUCTION
24643	2002	FORD	F350	PICKUP - SERVICE BODY - 4X4	SPU	16500	6/25/2014 0:00	MURPHYS AUCTION
53251	2005	FORD	F350	PICKUP - ANIMAL CONTROL BODY	FAS	4376.01	9/6/2013 0:00	BIDADOO ONLINE AUCTION
33317	2003	FORD	F350	PICKUP - CREW CAB	DPR	4250	1/8/2015 0:00	MURPHYS AUCTION
993354	1999	FORD	F550	TRUCK - DUMPING FLATBED - CLASS 5	DPR	15250	4/22/2015 0:00	MURPHYS AUCTION
43703	2004	FORD	F550	TRUCK - DUMP - PLOW - CLASS 5	SDOT	12500	6/25/2014 0:00	MURPHYS AUCTION
73597	2007	FORD	RANGER	COMPACT PICKUP	SDOT	7300	7/2/2014 0:00	BIDADOO ONLINE AUCTION
3332	1992	GMC	RALLY	PASSENGER VAN	DPR	1050	10/23/2014 0:00	MURPHYS AUCTION
97636	2009	HARLEY-DAVIDSON	FLHPI ROAD KING	POLICE MOTORCYCLE	SPD	9151	5/6/2015 0:00	BIDADOO ONLINE AUCTION
31815	2003	HONDA	CIVIC GX	SUBCOMPACT SEDAN - DEDICATED CNG	SFD	5790.58	2/5/2014 0:00	BIDADOO ONLINE AUCTION
85877	2002	PETERBILT	330	TRUCK - AERIAL LIFT - CHIP BODY	DPR	43100	4/24/2013 0:00	BIDADOO ONLINE AUCTION
45521	2004	PETERBILT	320	TRUCK - EDUCTOR - VAC CON	SPU	57500	8/8/2014 0:00	MURPHYS AUCTION
S0570	1994	SNIPER	747-4000	TRAILER - SEWER JET	SPU	2000	11/8/2013 0:00	MURPHYS AUCTION
52081	2005	TOYOTA	PRIUS	COMPACT SEDAN - HYBRID	DPD	9600	11/6/2014 0:00	BIDADOO ONLINE AUCTION
51136	2005	TOYOTA	PRIUS	COMPACT SEDAN - HYBRID	DPD	9000	10/23/2014 0:00	MURPHYS AUCTION
51432	2005	TOYOTA	PRIUS	COMPACT SEDAN - HYBRID	SDOT	10111.11	11/6/2014 0:00	BIDADOO ONLINE AUCTION
956451	1995	WALTON	40KTP-XL	TRAILER - TILT DECK - 40000 LB GVWR	SDOT	10600	3/21/2013 0:00	BIDADOO ONLINE AUCTION
75519	2007	PETERBILT	335	TRUCK - FLATBED - CLASS 7	SDOT	45100	1/29/2013 0:00	BIDADOO ONLINE AUCTION
75743	2007	STERLING	SC8000	SWEEPER - MECHANICAL	SDOT	52800	5/6/2014 0:00	BIDADOO ONLINE AUCTION
79935	2007	DODGE	CHARGER	PATROL CAR - DUI	SPD	4500	1/8/2015 0:00	MURPHYS AUCTION
55538	2005	CASE	590M	BACKHOE LOADER - 19500 LB - BREAKER  4X4	SDOT	59201	12/19/2013 0:00	BIDADOO ONLINE AUCTION
86519	2008	JOHN DEERE	1565 MOWER	MOWER - 72" ROTARY	SPU	18500	2/3/2014 0:00	MURPHYS AUCTION
38255	2003	GO-4	INTERCEPTOR II	PEO SCOOTER	SPD	1050	12/20/2013 0:00	MURPHYS AUCTION
58271	2005	GO-4	INTERCEPTOR II	PEO SCOOTER	SPD	4600	4/21/2014 0:00	MURPHYS AUCTION
85533	2008	HYPAC	C530AH	ROLLER - 11 TON PNEUMATIC	SDOT	15400	10/15/2014 0:00	BIDADOO ONLINE AUCTION
87501	2008	POWER CURBER	PC-150	POWER CURBER	SDOT	2750	1/8/2015 0:00	MURPHYS AUCTION
36500	2003	CATERPILLAR	420D	BACKHOE LOADER - 16000 LB - BREAKER	SPU	24000	9/27/2013 0:00	MURPHYS AUCTION
6516	1991	CATERPILLAR	UNKNOWN	MOTOR GRADER - ARTICULATED	SPU	117500	11/8/2013 0:00	MURPHYS AUCTION
34583	2003	CHEVROLET	ASTRO	CARGO MINIVAN	SPU	6000	5/17/2013 0:00	MURPHYS AUCTION
23931	2002	CHEVROLET	ASTRO	PASSENGER MINIVAN	SDOT	6600	4/21/2014 0:00	MURPHYS AUCTION
51473	2005	CHEVROLET	ASTRO	CARGO MINIVAN	SPU	9600	10/23/2014 0:00	MURPHYS AUCTION
14503	2001	CHEVROLET	ASTRO	CARGO MINIVAN	SPU	4750	3/28/2013 0:00	MURPHYS AUCTION
43445	2004	CHEVROLET	EXPRESS	PASSENGER VAN	DPR	8500	4/21/2014 0:00	MURPHYS AUCTION
43171	2004	CHEVROLET	EXPRESS	CARGO VAN	SPD	9100	3/17/2015 0:00	BIDADOO ONLINE AUCTION
13757	2001	CHEVROLET	G3500	PASSENGER VAN	SFD	7600	3/4/2015 0:00	BIDADOO ONLINE AUCTION
34588	2003	CHEVROLET	S10	COMPACT PICKUP	SPU	1825	2/25/2015 0:00	MURPHYS AUCTION
EG0210	2000	WANCO	TRAILER	SOLID WASTE TRAFFIC WARNING TRAILER	SPU	4000	11/8/2013 0:00	MURPHYS AUCTION
S2574	1999	PAROS	TRAILER	TRAILER - TILT DECK	SPU	3500	11/8/2013 0:00	MURPHYS AUCTION
53577	2005	DODGE	CARAVAN	CARGO MINIVAN	SPU	6855	11/19/2014 0:00	BIDADOO ONLINE AUCTION
31581	2003	DODGE	NEON	SUBCOMPACT SEDAN	SDOT	4500	12/20/2013 0:00	MURPHYS AUCTION
21238	2002	DODGE	NEON	SUBCOMPACT SEDAN	DPR	2937	10/11/2013 0:00	BIDADOO ONLINE AUCTION
21845	2002	DODGE	NEON	SUBCOMPACT SEDAN	DPD	4700	12/19/2013 0:00	BIDADOO ONLINE AUCTION
99245	2009	FORD	CROWN VICTORIA	PATROL CAR	SPD	350	6/25/2014 0:00	MURPHYS AUCTION
59829	2005	FORD	CROWN VICTORIA	PATROL CAR ACTIVE SPARE RESERVE	SPD	2050.96	3/10/2015 0:00	BIDADOO ONLINE AUCTION
89118	2008	FORD	CROWN VICTORIA	PATROL CAR	SPD	1550	7/23/2014 0:00	BIDADOO ONLINE AUCTION
89144	2008	FORD	CROWN VICTORIA	PATROL CAR	SPD	1510	2/25/2015 0:00	MURPHYS AUCTION
79952	2007	FORD	CROWN VICTORIA	PATROL CAR	SPD	2400	8/9/2013 0:00	MURPHYS AUCTION
69897	2006	FORD	CROWN VICTORIA	PATROL CAR	SPD	2000	4/11/2014 0:00	MURPHYS AUCTION
79970	2007	FORD	CROWN VICTORIA	PATROL CAR	SPD	2800.57	9/3/2014 0:00	BIDADOO ONLINE AUCTION
79965	2007	FORD	CROWN VICTORIA	PATROL CAR	SPD	1025	7/30/2014 0:00	BIDADOO ONLINE AUCTION
89171	2008	FORD	CROWN VICTORIA	PATROL CAR	SPD	800	1/8/2015 0:00	MURPHYS AUCTION
3210	1993	FORD	E350	PASSENGER VAN	SPD	2650	1/7/2015 0:00	BIDADOO ONLINE AUCTION
33729	2003	FORD	EXPEDITION	FULLSIZE SUV - 4X4	SFD	6552.25	3/28/2013 0:00	BIDADOO ONLINE AUCTION
23060	2002	FORD	F250	PICKUP - CREW CAB	DPR	5750	2/14/2013 0:00	MURPHYS AUCTION
23319	2002	FORD	F250	PICKUP	DPR	3351	1/29/2013 0:00	BIDADOO ONLINE AUCTION
23311	2002	FORD	F250	PICKUP	DPR	3750	3/28/2013 0:00	MURPHYS AUCTION
23395	2002	FORD	F250	PICKUP	DPR	5800	2/19/2014 0:00	BIDADOO ONLINE AUCTION
34563	2003	FORD	F250	PICKUP - 4X4	SPU	13100	3/23/2015 0:00	BIDADOO ONLINE AUCTION
33706	2003	FORD	F250	PICKUP	DPR	6500	4/22/2015 0:00	MURPHYS AUCTION
33965	2003	FORD	F250	PICKUP - CREW CAB	DPR	4100	10/23/2014 0:00	MURPHYS AUCTION
13340	2001	FORD	F250	PICKUP	DPR	3225	2/26/2013 0:00	BIDADOO ONLINE AUCTION
43948	2004	FORD	F350	PICKUP - CREW CAB - 4X4	DPR	8478	3/23/2015 0:00	BIDADOO ONLINE AUCTION
44384	2004	FREIGHTLINER	MT55	WALKIN VAN - CLASS 6	SPU	15000	4/11/2014 0:00	MURPHYS AUCTION
985539	1998	GEFFSPREAD KING	WBHS	CHIP SPREADER   39000 GVWR	SDOT	35200	3/26/2014 0:00	BIDADOO ONLINE AUCTION
13291	2001	GMC	SAFARI	MINIVAN PASSENGER	SPD	4400	3/28/2013 0:00	MURPHYS AUCTION
80204	2002	GMC	SAVANNA	PASSENGER VAN	DPR	9600	10/23/2014 0:00	MURPHYS AUCTION
87608	2008	HARLEY-DAVIDSON	FLHPI ROAD KING	POLICE MOTORCYCLE	SPD	9000	2/14/2013 0:00	MURPHYS AUCTION
6572	2000	INGERSOLL RAND	P185WJDU	AIR COMPRESSOR - TRAILER MOUNTED	SPU	10500	11/8/2013 0:00	MURPHYS AUCTION
966551	1996	JOHN DEERE	772BH	MOTOR GRADER - ARTICULATED - 37000 LB	SPU	41000	11/8/2013 0:00	MURPHYS AUCTION
5331	1992	SPARTAN	LADDER	FIRE AERIAL REAR MOUNT	SFD	9100.01	7/9/2014 0:00	BIDADOO ONLINE AUCTION
5316	1993	SPARTAN	PUMPER	FIRE PUMPER	SFD	7800	5/15/2015 0:00	BIDADOO ONLINE AUCTION
75653	2007	KENWORTH	W900B	TRUCK - 11 YD CEMENT MIXER - CLASS 8	SDOT	22655	3/12/2013 0:00	BIDADOO ONLINE AUCTION
5568	2000	KENWORTH	T800B	TRUCK - 12 YD DUMP - CLASS 8	SDOT	45100	5/21/2013 0:00	BIDADOO ONLINE AUCTION
58117	2005	TORO	4000-D	MOWER - 11` ROTARY	DPR	11525	10/23/2014 0:00	MURPHYS AUCTION
58137	2005	TORO	580D	MOWER - 16` ROTARY	DPR	10600	10/23/2014 0:00	MURPHYS AUCTION
21855	2002	TOYOTA	PRIUS	COMPACT SEDAN - HYBRID	DPR	5100	2/5/2014 0:00	BIDADOO ONLINE AUCTION
51169	2005	TOYOTA	PRIUS	COMPACT SEDAN - HYBRID	DPD	7000	11/6/2014 0:00	BIDADOO ONLINE AUCTION
51309	2005	TOYOTA	PRIUS	COMPACT SEDAN - HYBRID	SDOT	6300	4/22/2015 0:00	MURPHYS AUCTION
31615	2003	TOYOTA	PRIUS	COMPACT SEDAN - HYBRID	SPD	6500	12/20/2013 0:00	MURPHYS AUCTION
16650	2001	TRAILMAX	TD-40-T	TRAILER - TILT DECK - 37000 LB GVWR	SPU	8250	10/17/2014 0:00	MURPHYS AUCTION
31092	2010	CHEVROLET	COLORADO 4X4	COMPACT PICKUP - 4X4	SPU	4500	8/9/2013 0:00	MURPHYS AUCTION
55757	2005	STERLING	SC8000	SWEEPER - REGENERATIVE AIR M6000	SDOT	50010	10/1/2013 0:00	BIDADOO ONLINE AUCTION
61047	2006	DODGE	MAGNUM	FULLSIZE STATION WAGON	SPD	2575.02	10/23/2014 0:00	MURPHYS AUCTION
65652	2006	CASE	590M	BACKHOE LOADER - 15200 LB - BREAKER	SDOT	25850	10/11/2013 0:00	BIDADOO ONLINE AUCTION
45650	2004	CASE	590M	BACKHOE LOADER - 19500 LB - BREAKER	SDOT	25825	4/17/2013 0:00	BIDADOO ONLINE AUCTION
23623	2002	FORD	F450	PICKUP - FLATBED - CLASS 4	SDOT	5801	8/13/2014 0:00	BIDADOO ONLINE AUCTION
23662	2002	FORD	F450	PICKUP - FLATBED - WELDER - CLASS 4	SDOT	18000	10/23/2014 0:00	MURPHYS AUCTION
973655	1997	FORD	F450	PICKUP - AERIAL LIFT 32` - CLASS 4	CEN	16801	3/12/2013 0:00	BIDADOO ONLINE AUCTION
34578	2003	CHEVROLET	ASTRO	CARGO MINIVAN	SPU	5800	11/8/2013 0:00	MURPHYS AUCTION
23930	2002	CHEVROLET	ASTRO	PASSENGER MINIVAN	SPL	5200	11/8/2013 0:00	MURPHYS AUCTION
3921	2000	CHEVROLET	ASTRO	PASSENGER MINIVAN	DPR	5300	5/21/2013 0:00	BIDADOO ONLINE AUCTION
13163	2001	CHEVROLET	ASTRO	CARGO MINIVAN	DPR	4725	10/23/2014 0:00	MURPHYS AUCTION
3207	2000	CHEVROLET	ASTRO	CARGO MINIVAN	DOIT	4948	3/28/2014 0:00	BIDADOO ONLINE AUCTION
23556	2002	CHEVROLET	BLAZER	MIDSIZE SUV - 4X4	SDOT	5655.55	7/3/2013 0:00	BIDADOO ONLINE AUCTION
33752	2003	CHEVROLET	BLAZER	SUV MIDSIZE 4X4	SFD	5000	10/23/2014 0:00	MURPHYS AUCTION
3510	1988	FORD	CARGO	CARGO VAN	DPR	1250	10/23/2014 0:00	MURPHYS AUCTION
23309	2002	CHEVROLET	EXPRESS	PASSENGER VAN	DPR	7900	3/28/2013 0:00	MURPHYS AUCTION
3044	2000	CHEVROLET	G3500	CARGO VAN - HVAC	FAS	5555	11/19/2014 0:00	BIDADOO ONLINE AUCTION
3885	2000	CHEVROLET	G3500	CARGO VAN	DPR	1300	8/9/2013 0:00	MURPHYS AUCTION
P140753	1994	UNKNOWN	TRAILER	TRAILER - 525 GAL WATER TANK	DPR	4550	2/25/2015 0:00	MURPHYS AUCTION
21577	2002	DODGE	NEON	SUBCOMPACT SEDAN	SDOT	3555.41	2/5/2014 0:00	BIDADOO ONLINE AUCTION
12172	2001	PLYMOUTH	NEON	SUBCOMPACT SEDAN	DPD	4000	12/20/2013 0:00	MURPHYS AUCTION
13409	2001	DODGE	RAM QUAD CAB	PICKUP	DPR	3200	2/14/2013 0:00	MURPHYS AUCTION
33425	2003	FORD	CLUB WAGON	PASSENGER VAN	DPR	6957	11/6/2014 0:00	BIDADOO ONLINE AUCTION
33404	2003	FORD	CLUB WAGON	PASSENGER VAN	DPR	11500	10/23/2014 0:00	MURPHYS AUCTION
99241	2009	FORD	CROWN VICTORIA	PATROL CAR	SPD	300	1/8/2015 0:00	MURPHYS AUCTION
99221	2009	FORD	CROWN VICTORIA	PATROL CAR	SPD	1300	1/8/2015 0:00	MURPHYS AUCTION
59837	2005	FORD	CROWN VICTORIA	PATROL CAR	SPD	800	11/8/2013 0:00	MURPHYS AUCTION
59805	2005	FORD	CROWN VICTORIA	PATROL CAR	SPD	2400	5/17/2013 0:00	MURPHYS AUCTION
79971	2007	FORD	CROWN VICTORIA	PATROL CAR	SPD	2050	4/29/2015 0:00	BIDADOO ONLINE AUCTION
59843	2005	FORD	CROWN VICTORIA	PATROL CAR TRAINING	SPD	2605	3/28/2014 0:00	BIDADOO ONLINE AUCTION
79920	2007	FORD	CROWN VICTORIA	PATROL CAR	SPD	2750	12/20/2013 0:00	MURPHYS AUCTION
69891	2006	FORD	CROWN VICTORIA	PATROL CAR TRAINING	SPD	2051	9/24/2014 0:00	BIDADOO ONLINE AUCTION
31472	2010	FORD	CROWN VICTORIA	PATROL CAR	SPD	510	6/25/2014 0:00	MURPHYS AUCTION
89164	2008	FORD	CROWN VICTORIA	PATROL CAR	SPD	550	6/25/2014 0:00	MURPHYS AUCTION
89189	2008	FORD	CROWN VICTORIA	PATROL CAR	SPD	1100	1/8/2015 0:00	MURPHYS AUCTION
89172	2008	FORD	CROWN VICTORIA	PATROL CAR	SPD	400	1/8/2015 0:00	MURPHYS AUCTION
65320	2006	FORD	E450	MEDIC AID VAN - 1ST REMOUNT	SFD	4100	2/25/2015 0:00	MURPHYS AUCTION
63955	2006	FORD	F250	PICKUP - CREW CAB	DPR	9449.99	4/22/2015 0:00	MURPHYS AUCTION
82468	2001	FORD	F250	PICKUP	DPR	3750	2/14/2013 0:00	MURPHYS AUCTION
53042	2005	FORD	F250	PICKUP	FAS	9001	4/22/2015 0:00	MURPHYS AUCTION
13962	2001	FORD	F250	PICKUP	DPR	3700	3/28/2013 0:00	MURPHYS AUCTION
13358	2001	FORD	F250	PICKUP - DUMP BODY	DPR	7499.99	4/21/2014 0:00	MURPHYS AUCTION
32908	2003	FORD	F350	PICKUP	SPD	6900	1/14/2015 0:00	BIDADOO ONLINE AUCTION
44605	2004	FORD	F350	PICKUP - CREW CAB - 4X4	SPU	10400	4/29/2014 0:00	BIDADOO ONLINE AUCTION
33977	2003	FORD	F350	PICKUP - CREW CAB	DPR	7650	12/24/2014 0:00	BIDADOO ONLINE AUCTION
965693	1996	FREIGHTLINER	FL70	TRUCK - AERIAL LIFT PLATFORM - CLASS 8	SDOT	6500	9/24/2014 0:00	BIDADOO ONLINE AUCTION
23805	2002	GMC	SONOMA	COMPACT PICKUP	DPR	2505	2/26/2013 0:00	BIDADOO ONLINE AUCTION
23551	2002	GMC	SONOMA	COMPACT PICKUP	SDOT	5600	10/23/2014 0:00	MURPHYS AUCTION
97625	2009	HARLEY-DAVIDSON	FLHPI ROAD KING	POLICE MOTORCYCLE	SPD	6600	1/7/2015 0:00	BIDADOO ONLINE AUCTION
24531	2002	FORD	4X4 RANGER	COMPACT PICKUP - 4X4	SPU	5100	3/12/2013 0:00	BIDADOO ONLINE AUCTION
25691	2002	PETERBILT	330	TRUCK - AERIAL LIFT - CLASS 8	SDOT	45300	2/11/2015 0:00	BIDADOO ONLINE AUCTION
47127	2004	RAMMER	S25	BREAKER 500 LB	SDOT	2200	4/21/2014 0:00	MURPHYS AUCTION
58029	2005	TORO	4000-D	MOWER - 11` ROTARY	DPR	8500	1/8/2015 0:00	MURPHYS AUCTION
11863	2001	TOYOTA	PRIUS	COMPACT SEDAN - HYBRID	DPR	7605	3/21/2013 0:00	BIDADOO ONLINE AUCTION
31068	2003	TOYOTA	PRIUS	COMPACT SEDAN - HYBRID	SPD	5864	12/3/2014 0:00	BIDADOO ONLINE AUCTION
82453	2001	TOYOTA	PRIUS	COMPACT SEDAN - HYBRID	DPR	6000	12/20/2013 0:00	MURPHYS AUCTION
W3838	2005	VERMEER	BC625A	CHIPPER	SPU	5250	11/8/2013 0:00	MURPHYS AUCTION
47002	2004	KUBOTA	L4330HST-F	TRACTOR - LOADER - BACKHOE	CEN	11500	1/8/2015 0:00	MURPHYS AUCTION
79933	2007	DODGE	CHARGER	PATROL CAR - DUI	SPD	7900	12/20/2013 0:00	MURPHYS AUCTION
68161	2006	JOHN DEERE	410G	BACKHOE LOADER - 18600 LB - BREAKER 4X4	SPU	29000	12/19/2014 0:00	MURPHYS AUCTION
3680	2000	FORD	F450	PICKUP - FLATBED - CLASS 4	SDOT	5500	6/27/2013 0:00	MURPHYS AUCTION
23635	2002	FORD	F450	PICKUP - FLATBED - CRANE - CLASS 4	SDOT	11900	8/20/2014 0:00	BIDADOO ONLINE AUCTION
5802	2000	FORD	F450	PICKUP - FLATBED - CLASS 4	DPR	19201	4/17/2013 0:00	BIDADOO ONLINE AUCTION
77301	2007	SEGWAY	I2	ELECTRIC PERSONAL MOBILITY DEVICE	SPD	1175	2/11/2015 0:00	BIDADOO ONLINE AUCTION
A0623	1991	CHEVROLET	C5500	WALKIN VAN - CLASS 3	SPL	12445.67	8/6/2013 0:00	BIDADOO ONLINE AUCTION
3011	2000	CHEVROLET	ASTRO	CARGO MINIVAN	DOIT	6100	10/23/2014 0:00	MURPHYS AUCTION
13439	2001	CHEVROLET	ASTRO	CARGO MINIVAN	DOIT	9300	12/19/2013 0:00	BIDADOO ONLINE AUCTION
24438	2002	CHEVROLET	BLAZER	MIDSIZE SUV - 4X4	SPU	5250	2/14/2013 0:00	MURPHYS AUCTION
3201	2000	CHEVROLET	C3500	PICKUP - CREW CAB	SPD	8400	4/22/2015 0:00	MURPHYS AUCTION
13424	2001	CHEVROLET	EXPRESS	CARGO VAN	DPR	5325	1/7/2015 0:00	BIDADOO ONLINE AUCTION
13182	2001	CHEVROLET	EXPRESS	CARGO VAN - PLUMBER WITH CRANE	FAS	6000	1/7/2015 0:00	BIDADOO ONLINE AUCTION
23018	2002	CHEVROLET	EXPRESS	CARGO VAN - PLUMBER	FAS	8322	1/7/2015 0:00	BIDADOO ONLINE AUCTION
34528	2003	CHEVROLET	EXPRESS	VAN CARGO	SPU	8500	10/23/2014 0:00	MURPHYS AUCTION
13052	2001	CHEVROLET	EXPRESS	CARGO VAN - CARPENTER	FAS	8601	1/7/2015 0:00	BIDADOO ONLINE AUCTION
3221	2000	CHEVROLET	G3500	CARGO VAN - P-PATCH VAN	DON	5700	2/11/2014 0:00	BIDADOO ONLINE AUCTION
11406	2001	CHEVROLET	MALIBU	MIDSIZE SEDAN	FAS	2887	10/23/2013 0:00	BIDADOO ONLINE AUCTION
983969	1998	CHEVROLET	P30	WALKIN VAN - CLASS 3	DPR	5500	9/27/2013 0:00	MURPHYS AUCTION
5334	1993	CLARKLIFT	TM15S	FORKLIFT - 3000 LB LIFT - ELECTRIC	SFD	4376.99	4/8/2015 0:00	BIDADOO ONLINE AUCTION
25668	2002	BLAZER	TRAILER	CREW TRAILER	SPU	8500	10/17/2014 0:00	MURPHYS AUCTION
P0320	2003	ALKOTA	TRAILER	TRAILER - SPRAYER	DPR	1600	1/8/2015 0:00	MURPHYS AUCTION
80413	2007	WELLS CARGO	TRAILER	TRAILER - JET BOAT	SFD	225	12/20/2013 0:00	MURPHYS AUCTION
985696	1998	CRAFCO	EZ POUR 200DC	TRAILER - ASPHALT CRACK SEALER	SDOT	3551	1/8/2014 0:00	BIDADOO ONLINE AUCTION
33405	2003	FORD	CLUB WAGON	PASSENGER VAN	DPR	7025	10/2/2014 0:00	BIDADOO ONLINE AUCTION
99219	2009	FORD	CROWN VICTORIA	PATROL CAR	SPD	310	6/25/2014 0:00	MURPHYS AUCTION
89120	2008	FORD	CROWN VICTORIA	PATROL CAR	SPD	1475	2/4/2015 0:00	BIDADOO ONLINE AUCTION
89112	2008	FORD	CROWN VICTORIA	PATROL CAR	SPD	2300	4/22/2015 0:00	MURPHYS AUCTION
89148	2008	FORD	CROWN VICTORIA	PATROL CAR	SPD	2057	2/25/2015 0:00	MURPHYS AUCTION
79953	2007	FORD	CROWN VICTORIA	PATROL CAR TRAINING	SPD	950	10/23/2014 0:00	MURPHYS AUCTION
69900	2006	FORD	CROWN VICTORIA	PATROL CAR	SPD	1900	4/21/2014 0:00	MURPHYS AUCTION
79927	2007	FORD	CROWN VICTORIA	PATROL CAR	SPD	2600	8/9/2013 0:00	MURPHYS AUCTION
79987	2007	FORD	CROWN VICTORIA	PATROL CAR	SPD	1825	7/2/2014 0:00	BIDADOO ONLINE AUCTION
79980	2007	FORD	CROWN VICTORIA	PATROL CAR	SPD	550	6/25/2014 0:00	MURPHYS AUCTION
79930	2007	FORD	CROWN VICTORIA	PATROL CAR	SPD	910	12/3/2014 0:00	BIDADOO ONLINE AUCTION
89153	2008	FORD	CROWN VICTORIA	PATROL CAR	SPD	1000	1/8/2015 0:00	MURPHYS AUCTION
89185	2008	FORD	CROWN VICTORIA	PATROL CAR	SPD	820	10/2/2014 0:00	BIDADOO ONLINE AUCTION
79988	2007	FORD	CROWN VICTORIA	PATROL CAR - SGT`S CAR	SPD	1300	1/8/2015 0:00	MURPHYS AUCTION
89192	2008	FORD	CROWN VICTORIA	FULLSIZE SEDAN	SPD	400	2/14/2013 0:00	MURPHYS AUCTION
33698	2003	FORD	EXPEDITION	FULLSIZE SUV - 4X4	SDOT	5684	10/11/2013 0:00	BIDADOO ONLINE AUCTION
34582	2003	FORD	EXPEDITION	FULLSIZE SUV - 4X4	SPU	4600	2/14/2013 0:00	MURPHYS AUCTION
34635	2003	FORD	F250	PICKUP - 4X4	SPU	14000	6/25/2014 0:00	MURPHYS AUCTION
23344	2002	FORD	F250	PICKUP	DPR	7250	3/15/2013 0:00	BIDADOO ONLINE AUCTION
23701	2002	FORD	F250	PICKUP	SDOT	4550	6/11/2014 0:00	BIDADOO ONLINE AUCTION
43997	2004	FORD	F250	PICKUP	DPR	7600	4/29/2015 0:00	BIDADOO ONLINE AUCTION
43478	2004	FORD	F250	PICKUP	SDOT	5220	12/19/2013 0:00	BIDADOO ONLINE AUCTION
44591	2004	FORD	F250	PICKUP - 4X4	SPU	9100	4/17/2013 0:00	BIDADOO ONLINE AUCTION
44630	2004	FORD	F250	PICKUP - 4X4	SPU	6150	2/25/2015 0:00	MURPHYS AUCTION
24562	2002	FORD	F350	PICKUP - SERVICE BODY	SPU	21500	6/25/2014 0:00	MURPHYS AUCTION
34598	2003	FORD	F350	PICKUP - SERVICE BODY - 4X4	SPU	11600	6/25/2014 0:00	BIDADOO ONLINE AUCTION
33167	2003	FORD	F350	PICKUP - CREW CAB	SPD	9010	4/22/2015 0:00	MURPHYS AUCTION
44008	2004	FORD	F350	PICKUP - CREW CAB - 4X4	SPU	11100	12/17/2014 0:00	BIDADOO ONLINE AUCTION
34703	2003	FREIGHTLINER	SPRINTER P2500SHC	PASSENGER VAN	SPU	16850.89	8/13/2014 0:00	BIDADOO ONLINE AUCTION
11673	2001	GMC	SAFARI	PASSENGER MINIVAN	SPU	6900	5/17/2013 0:00	MURPHYS AUCTION
97627	2009	HARLEY-DAVIDSON	FLHPI ROAD KING	POLICE MOTORCYCLE	SPD	7000	3/19/2015 0:00	BIDADOO ONLINE AUCTION
97621	2009	HARLEY-DAVIDSON	FLHPI ROAD KING	POLICE MOTORCYCLE	SPD	7800	2/11/2015 0:00	BIDADOO ONLINE AUCTION
97634	2009	HARLEY-DAVIDSON	FLHPI ROAD KING	POLICE MOTORCYCLE	SPD	7200	2/4/2015 0:00	BIDADOO ONLINE AUCTION
97624	2009	HARLEY-DAVIDSON	FLHPI ROAD KING	POLICE MOTORCYCLE	SPD	8911	4/24/2014 0:00	BIDADOO ONLINE AUCTION
7225	2000	INGERSOLL RAND	P185WJDU	AIR COMPRESSOR - TRAILER MOUNTED	SPU	10500	11/8/2013 0:00	MURPHYS AUCTION
80504	2005	JOHN DEERE	GATOR	UTILITY VEHICLE 4 WHEEL	DPR	5500	2/25/2015 0:00	MURPHYS AUCTION
5332	1992	SPARTAN	LADDER	FIRE AERIAL - REAR MOUNT	SFD	4750	10/23/2013 0:00	BIDADOO ONLINE AUCTION
38144	2003	FORD NEW HOLLAND	TL90 DELUXE	TRACTOR - 4X4	DPR	28259	5/21/2013 0:00	BIDADOO ONLINE AUCTION
27227	2002	PREMCO	TRIPLE L	TRAILER - HYDRAULIC LIFT - 7000 LB GVWR	SDOT	5600	2/11/2014 0:00	BIDADOO ONLINE AUCTION
58080	2005	TORO	4000-D	MOWER - 11` ROTARY	DPR	17000	10/23/2014 0:00	MURPHYS AUCTION
31052	2003	TOYOTA	PRIUS	COMPACT SEDAN - HYBRID	SPD	3850	4/29/2015 0:00	BIDADOO ONLINE AUCTION
41278	2004	TOYOTA	PRIUS	COMPACT SEDAN - HYBRID	DPD	8100	10/23/2014 0:00	MURPHYS AUCTION
32509	2003	TOYOTA	PRIUS	SEDAN COMPACT - HYBRID	SPU	5600	2/5/2014 0:00	BIDADOO ONLINE AUCTION
31283	2003	TOYOTA	PRIUS	COMPACT SEDAN - HYBRID	SPL	5800	12/17/2013 0:00	BIDADOO ONLINE AUCTION
31270	2003	TOYOTA	PRIUS	SEDAN COMPACT - HYBRID	FAS	6750	9/27/2013 0:00	MURPHYS AUCTION
41992	2004	TORO	WORKMAN 3300	UTILITY VEHICLE 4 WHEEL	CEN	3500	12/20/2013 0:00	MURPHYS AUCTION
76515	2007	PETERBILT	335	TRUCK - CRANE - CLASS 8	SPU	110000	11/8/2013 0:00	MURPHYS AUCTION
E0943	1994	WESTMARK	ASPHALT TANKER	TRAILER - ASPHALT TANKER - 7400 GALLON	SDOT	15600	7/9/2014 0:00	BIDADOO ONLINE AUCTION
65735	2006	STERLING	SC8000	SWEEPER - REGENERATIVE AIR	SDOT	42000	1/8/2015 0:00	MURPHYS AUCTION
75736	2007	STERLING	SC8000	SWEEPER - REGENERATIVE AIR	SDOT	45100	10/18/2013 0:00	BIDADOO ONLINE AUCTION
51161	2005	TAYLOR DUNN	SC-100-36	STOCK CHASER - ELECTRIC - 36 V	CEN	1905	9/26/2013 0:00	BIDADOO ONLINE AUCTION
84616	2008	FORD	ESCAPE HYBRID	COMPACT SUV - HYBRID	CEN	8200	3/28/2014 0:00	BIDADOO ONLINE AUCTION
90008	2009	CATERPILLAR	963	SOLID WASTE TRACK LOADER	SPU	52250	4/11/2014 0:00	MURPHYS AUCTION
6503	1993	CATERPILLAR	UNKNOWN	CRAWLER TRACTOR	SPU	42000	11/8/2013 0:00	MURPHYS AUCTION
54500	2005	CHEVROLET	ASTRO	CARGO MINIVAN	SPU	8400	6/25/2014 0:00	BIDADOO ONLINE AUCTION
23330	2002	CHEVROLET	EXPRESS	PASSENGER VAN	DPR	7250	3/28/2013 0:00	MURPHYS AUCTION
15330	2001	CHEVROLET	EXPRESS	VAN CARGO	SFD	5500	10/23/2014 0:00	MURPHYS AUCTION
23323	2002	CHEVROLET	EXPRESS	CARGO VAN	DPR	6500	1/29/2014 0:00	BIDADOO ONLINE AUCTION
3039	2000	CHEVROLET	G3500	CARGO VAN - PLUMBER	FAS	7065	11/6/2014 0:00	BIDADOO ONLINE AUCTION
3180	2000	CHEVROLET	G3500	CARGO VAN - PLUMBER WITH CRANE	FAS	6000	1/8/2015 0:00	MURPHYS AUCTION
23548	2002	CHEVROLET	TRACKER	COMPACT SUV - 4X4	SPU	6250	2/14/2013 0:00	MURPHYS AUCTION
15925	2001	VALLEY TRUCK	TRAILER	TRAILER - TILT DECK - 9000 LB GVWR	DPR	2381	2/14/2013 0:00	BIDADOO ONLINE AUCTION
21271	2002	DODGE	NEON	SUBCOMPACT SEDAN	SPU	3900	9/27/2013 0:00	MURPHYS AUCTION
21307	2002	DODGE	NEON	SUBCOMPACT SEDAN	DPR	3400	3/28/2013 0:00	BIDADOO ONLINE AUCTION
12412	2001	PLYMOUTH	NEON	SUBCOMPACT SEDAN	DPD	4500	11/8/2013 0:00	MURPHYS AUCTION
99239	2009	FORD	CROWN VICTORIA	PATROL CAR	SPD	270	6/25/2014 0:00	MURPHYS AUCTION
59808	2005	FORD	CROWN VICTORIA	PATROL CAR	SPD	460	6/25/2014 0:00	MURPHYS AUCTION
89126	2008	FORD	CROWN VICTORIA	PATROL CAR	SPD	1915	1/28/2015 0:00	BIDADOO ONLINE AUCTION
89123	2008	FORD	CROWN VICTORIA	PATROL CAR	SPD	800	1/8/2015 0:00	MURPHYS AUCTION
79959	2007	FORD	CROWN VICTORIA	PATROL CAR	SPD	850	6/25/2014 0:00	MURPHYS AUCTION
69887	2006	FORD	CROWN VICTORIA	PATROL CAR ACTIVE SPARE RESERVE	SPD	2005	3/31/2015 0:00	BIDADOO ONLINE AUCTION
79914	2007	FORD	CROWN VICTORIA	PATROL CAR - HALF SCREEN	SPD	2425	6/11/2014 0:00	BIDADOO ONLINE AUCTION
79924	2007	FORD	CROWN VICTORIA	PATROL CAR - SGT`S CAR	SPD	550	6/25/2014 0:00	MURPHYS AUCTION
89160	2008	FORD	CROWN VICTORIA	PATROL CAR	SPD	2450	4/22/2015 0:00	MURPHYS AUCTION
89151	2008	FORD	CROWN VICTORIA	PATROL CAR	SPD	1575	1/28/2015 0:00	BIDADOO ONLINE AUCTION
79984	2007	FORD	CROWN VICTORIA	PATROL CAR	SPD	1509	7/30/2014 0:00	BIDADOO ONLINE AUCTION
69882	2006	FORD	CROWN VICTORIA	PATROL CAR (FORMER) SPARE RESERVE	SPD	1000	8/9/2013 0:00	MURPHYS AUCTION
33313	2003	FORD	F250	PICKUP	DPR	8100	4/21/2014 0:00	MURPHYS AUCTION
43312	2004	FORD	F250	PICKUP - DUMP BODY	DPR	8400	3/31/2015 0:00	BIDADOO ONLINE AUCTION
43598	2004	FORD	F250	PICKUP	SDOT	7000	2/19/2014 0:00	BIDADOO ONLINE AUCTION
13782	2001	FORD	F250	PICKUP	DPR	6600	10/23/2014 0:00	MURPHYS AUCTION
31378	2011	FORD	F350	TRUCK 2WD CREW CAB	SDOT	4200	12/20/2013 0:00	MURPHYS AUCTION
56598	2006	FORD	F550	TRUCK - SERVICE BODY - CLASS 5	SPU	16000	8/8/2014 0:00	MURPHYS AUCTION
73032	2007	FORD	RANGER	COMPACT PICKUP	FAS	10250	11/8/2013 0:00	MURPHYS AUCTION
81723	1998	FORD	SUPER CLUB	PASSENGER VAN	DPR	3750	1/8/2015 0:00	MURPHYS AUCTION
13352	2001	GMC	SONOMA	COMPACT PICKUP	DPR	1727	2/26/2013 0:00	BIDADOO ONLINE AUCTION
23364	2002	GMC	SONOMA	COMPACT PICKUP	DPR	6100	3/20/2013 0:00	BIDADOO ONLINE AUCTION
13452	2001	GMC	SONOMA	COMPACT PICKUP	DPR	2850	1/29/2013 0:00	BIDADOO ONLINE AUCTION
13407	2001	GMC	SONOMA	COMPACT PICKUP	DPR	4651	3/20/2013 0:00	BIDADOO ONLINE AUCTION
13612	2001	GMC	SONOMA	COMPACT PICKUP	SDOT	5500	10/22/2014 0:00	BIDADOO ONLINE AUCTION
13403	2001	GMC	SONOMA	COMPACT PICKUP	DPR	2390	2/14/2013 0:00	BIDADOO ONLINE AUCTION
31268	2003	HONDA	CIVIC GX	SUBCOMPACT SEDAN - DEDICATED CNG	SFD	7400	4/11/2014 0:00	MURPHYS AUCTION
6575	2000	INGERSOLL RAND	P185WJDU	AIR COMPRESSOR - TRAILER MOUNTED	SPU	10500	11/8/2013 0:00	MURPHYS AUCTION
983676	1998	INTERNATIONAL	4700LP	TRUCK - FLATBED - CLASS 6	SDOT	13100	7/31/2013 0:00	BIDADOO ONLINE AUCTION
965408	1996	EMERGENCY ONE	PUMPER	FIRE PUMPER	SFD	5300.23	11/6/2014 0:00	BIDADOO ONLINE AUCTION
45675	2004	TORO	DINGO 320D	COMPACT UTILITY LOADER - TRENCHER	SDOT	4600	6/25/2014 0:00	MURPHYS AUCTION
18143	2001	KUBOTA	L35	TRACTOR - LOADER	DPR	13999	4/17/2013 0:00	BIDADOO ONLINE AUCTION
985717	1998	PETERBILT	320	TRUCK - EDUCTOR - VACTOR	SPU	45000	11/8/2013 0:00	MURPHYS AUCTION
11852	2001	TOYOTA	PRIUS	COMPACT SEDAN - HYBRID	DPR	5660.99	10/11/2013 0:00	BIDADOO ONLINE AUCTION
52084	2005	TOYOTA	PRIUS	SEDAN COMPACT HYBRID	SFD	7500	10/23/2014 0:00	MURPHYS AUCTION
52147	2005	TOYOTA	PRIUS	COMPACT SEDAN - HYBRID	DPD	8500	10/23/2014 0:00	MURPHYS AUCTION
51848	2005	TOYOTA	PRIUS	COMPACT SEDAN - HYBRID	DPD	8500	10/23/2014 0:00	MURPHYS AUCTION
11053	2001	TOYOTA	PRIUS	COMPACT SEDAN - HYBRID	DPR	6000	12/20/2013 0:00	MURPHYS AUCTION
975760	1997	TRAILKING	503 DFP	TRAILER - LOWBOY - 100000 LB GVWR	SDOT	26100	12/3/2013 0:00	BIDADOO ONLINE AUCTION
985680	1998	TRAILMAX	7-12-UT	TRAILER - TILTDECK - 14500 LB GVWR	SDOT	4500	1/8/2015 0:00	MURPHYS AUCTION
41451	2004	JEEP	LIBERTY	SUV COMPACT	SPU	3750	1/8/2015 0:00	MURPHYS AUCTION
42906	2004	DODGE	STRATUS	MIDSIZE SEDAN	DPR	3000	1/8/2015 0:00	MURPHYS AUCTION
55758	2005	STERLING	SC8000	SWEEPER - MECHANICAL	SDOT	44101	4/24/2013 0:00	BIDADOO ONLINE AUCTION
55756	2005	STERLING	SC8000	SWEEPER - MECHANICAL	SDOT	44255	4/24/2013 0:00	BIDADOO ONLINE AUCTION
75744	2007	STERLING	SC8000	SWEEPER - REGENERATIVE AIR M6000	SDOT	47100	9/6/2013 0:00	BIDADOO ONLINE AUCTION
57145	2005	BOMAG	BW90AD-2	ROLLER - 1.5 TON DOUBLE DRUM	SDOT	19600	2/17/2015 0:00	BIDADOO ONLINE AUCTION
45651	2004	CASE	590M	BACKHOE LOADER - 15200 LB - BREAKER	SDOT	23700	4/21/2014 0:00	MURPHYS AUCTION
77428	2007	EZEE	TORQ2	ELECTRIC BICYCLE	FAS	600	3/28/2013 0:00	MURPHYS AUCTION
81998	2008	TORO	WORKMAN 4300	UTILITY VEHICLE 4 WHEEL	CEN	8988	1/28/2015 0:00	BIDADOO ONLINE AUCTION
68157	2006	KUBOTA	RTV900T6T2	UTILITY VEHICLE 4 WHEEL	DPR	2750	12/20/2013 0:00	MURPHYS AUCTION
23689	2002	FORD	F450	PICKUP DUMPING FLATBED PLOW CLASS 4	SDOT	15700	6/25/2014 0:00	MURPHYS AUCTION
23645	2002	FORD	F450	PICKUP - DUMP BODY - CLASS 4	SDOT	11000	6/27/2013 0:00	MURPHYS AUCTION
23651	2002	FORD	F450	PICKUP - DUMP BODY - CRANE - CLASS 4	SDOT	15859	11/12/2014 0:00	BIDADOO ONLINE AUCTION
993908	1999	FORD	F450	PICKUP - FLATBED - CRANE - CLASS 4	DPR	7500	3/28/2013 0:00	MURPHYS AUCTION
EG0002	1999	CATERPILLAR	963	SOLID WASTE CRAWLER LOADER	SPU	7500	4/11/2014 0:00	MURPHYS AUCTION
71990	2007	TORO	WORKMAN E2065	UTILITY VEHICLE - ELECTRIC	CEN	2200	1/8/2015 0:00	MURPHYS AUCTION
77304	2007	SEGWAY	I2	ELECTRIC PERSONAL MOBILITY DEVICE	SPD	785	2/17/2015 0:00	BIDADOO ONLINE AUCTION
77303	2007	SEGWAY	I2	ELECTRIC PERSONAL MOBILITY DEVICE	SPD	2393	2/4/2015 0:00	BIDADOO ONLINE AUCTION
77302	2007	SEGWAY	I2	ELECTRIC PERSONAL MOBILITY DEVICE	SPD	1325	2/11/2015 0:00	BIDADOO ONLINE AUCTION
